layer,"corr(original,mirror)"
conv1,0.1764359226793643
conv2,0.17924994964052243
conv3,0.4173808691645606
